STATS,ROOMS,INCOME,FAMILY_COUNT,COMMUTE,AGE
mean,5.688897204870607,138433.49066754943,3.122614352744754,23.05089956533003,44.135703388122856
median,6.0,104000.0,3.0,15.0,44.0
min,1.0,0.0,1.0,0.0,16.0
max,14.0,2580000.0,19.0,142.0,94.0
